0	1	2	3	4	sp	canon
C	A	C	T	A	1_bGeoTri1	C
C	G	C	C	G	1_bSteHir1	C
C	A	C	T	A	1_bSylAtr1	C
C	A	C	T	A	2_bEriRub2	C
C	A	C	T	A	1_bCorMon1	C
C	A	C	T	A	2_bCatUst1	C
C	A	C	T	G	1_bHirRus1	C
C	A	C	T	A	4_bAquChr1	C
C	A	G	T	A	2_bTaeGut1	G
C	A	C	C	A	1_bPteGut1	C
C	A	G	T	G	1_bBucAby1	G
C	A	C	T	C	1_bMerNub1	C
C	A	C	T	A	1_bPhoRub2	C
C	A	C	T	A	1_bCarCri1	C
C	T	A	C	A	1_bBalReg1	A
C	A	C	T	A	1_bNycGra1	C
C	A	G	T	A	1_bSylBor1	G
-	-	-	-	-	1_bPogPus1	-
C	A	-	T	A	1_bAcaChl1	-
C	A	C	C	G	1_bPluApr1	C
C	A	C	T	G	1_bCicMag1	C
C	A	C	T	G	1_bApuApu2	C
C	A	C	T	A	1_bHemCom1	C
C	A	C	T	A	1_bTheCae1	C
C	G	C	T	C	1_bTroSur1	C
C	A	G	T	A	1_bPorHoc1	G
C	A	C	-	A	1_bCalAnn1_v1	C
C	G	C	T	A	2_bCygOlo1	C
C	G	C	T	A	1_bAytFul2	C
C	A	C	T	G	1_bChiLan1	C
C	A	C	T	G	1_bFalRus1	C
C	C	C	-	-	2_bGalGal1	C
C	C	C	-	-	1_bGalGal1	C
C	A	C	T	G	2_bFalNau1	C
